<?xml version="1.0" encoding="UTF-8"?>
<beans xmlns="http://www.springframework.org/schema/beans"
	xmlns:xsi="http://www.w3.org/2001/XMLSchema-instance"
	xmlns:context="http://www.springframework.org/schema/context"
	xmlns:p="http://www.springframework.org/schema/p"
	xmlns:tx="http://www.springframework.org/schema/tx"
	xsi:schemaLocation="http://www.springframework.org/schema/beans
    http://www.springframework.org/schema/beans/spring-beans.xsd
    http://www.springframework.org/schema/context
    http://www.springframework.org/schema/context/spring-context.xsd
       http://www.springframework.org/schema/tx
   http://www.springframework.org/schema/tx/spring-tx.xsd">

	<tx:annotation-driven />

	<bean name="dmds"
		class="org.springframework.jdbc.datasource.DriverManagerDataSource">
		<property name="driverClassName"
			value="oracle.jdbc.driver.OracleDriver" />
		<property name="url"
			value="jdbc:oracle:thin:@localhost:1522:xe" />
		<property name="username" value="sys as sysdba" />
		<property name="password" value="password" />
	</bean>

	<bean name="sf"
		class="org.springframework.orm.hibernate5.LocalSessionFactoryBean"
		autowire="byType">
		<!-- <property name="dataSource" ref="dmds" /> -->
		<property name="hibernateProperties">
			<props>
				<prop key="hibernate.dialect">org.hibernate.dialect.OracleDialect</prop>
				<prop key="hibernate.show_sql">true</prop>
				<prop key="hibernate.hbm2ddl.auto">update</prop>
			</props>
		</property>
		<property name="annotatedClasses">
			<list>
				<value>com.mphasis.hrms.model.Branch</value>
				<value>com.mphasis.hrms.model.Associate</value>
			</list>
		</property>
	</bean>

	<bean id="transactionManager"
		class="org.springframework.orm.hibernate5.HibernateTransactionManager" autowire="byType">
		<!-- <property name="sessionFactory" ref="sf" /> -->
	</bean>

	<bean name="ht"
		class="org.springframework.orm.hibernate5.HibernateTemplate"
		autowire="byType">
		<!-- <property name="sessionFactory" ref="sf" /> -->
	</bean>

	<bean name="bdao"
		class="com.mphasis.hrms.model.BranchDao"
		autowire="byType">
		<!-- <property name="ht" ref="ht" /> -->
	</bean>
	
	<bean name="adao"
		class="com.mphasis.hrms.model.AssociateDao" autowire="byType">
	</bean>
	
</beans>